District,Population,Malaria Cases,Incidence(per 1000),Severity,Recommended Actions,Estimated Funding Needed (INR),Resources to Deploy,Action Timeline,Priority Level,Notes
Lucknow,2990000,320,0.107,Highly Infected,"Immediate IRS spraying, mass fever camps, active case detection, RDT & treatment",5000000,"10 spray teams, 3 mobile clinics, 5000 RDT kits, 50 temp staff",Immediate (0-7 days),High,"Deploy funds for IRS, emergency procurement of RDTs, mobile clinic deployment"
Kanpur Nagar,2770000,280,0.101,Highly Infected,"Targeted fogging, larval source management, door-to-door fever surveillance",4200000,"8 spray teams, 2 mobile clinics, 4000 RDT kits, 40 temp staff",Immediate (0-7 days),High,Prioritise urban containment and public messaging
Gautam Buddh Nagar (Noida),1400000,190,0.136,Highly Infected,"Urban vector control, strengthen private sector reporting, community hotlines",3000000,"6 spray teams, 2 mobile clinics, 3500 RDT kits, 30 temp staff",Immediate (0-7 days),High,"Engage private hospitals, rapid procurement"
Bareilly,430000,55,0.128,Highly Infected,"Mass screening, emergency treatment camps, expand RDT access",2000000,"7 spray teams, 2 mobile clinics, 3000 RDT kits, 25 temp staff",Immediate (0-7 days),High,Scale up case detection and free treatment
Gorakhpur,720000,210,0.292,Highly Infected,"Rapid response team, vector control, mass treatment in hotspots",4800000,"12 spray teams, 4 mobile clinics, 8000 RDT kits, 80 temp staff",Immediate (0-7 days),High,Major surge in resources and funding needed
Mathura,470000,60,0.128,Highly Infected,"Targeted IRS, water-body clean-up, community fever screening",1800000,"6 spray teams, 1 mobile clinic, 2500 RDT kits, 20 temp staff",Immediate (0-7 days),High,Engage religious/tourist area management
Gorekhpur,2300000,163,0.07,Moderately Infected,"Source reduction, active surveillance, distribution of LLINs",1800000,"5 spray teams, 1 mobile clinic, 2000 RDT kits, 20 temp staff",Short-term (1-4 weeks),Medium,Focus on breeding sites and awareness
Agra,1580000,120,0.076,Moderately Infected,"Fever camps, strengthen diagnostics in PHCs, IRS in hotspots",1500000,"4 spray teams, 1 mobile clinic, 1800 RDT kits, 15 temp staff",Short-term (1-4 weeks),Medium,Coordinate with tourism stakeholders to monitor cases
Varanasi,1200000,95,0.079,Moderately Infected,"Community engagement, larval control, reinforce primary health centre capacities",1200000,"4 spray teams, 1 mobile clinic, 1500 RDT kits, 12 temp staff",Short-term (1-4 weeks),Medium,Increase RDT stock at CHCs
Meerut,1600000,70,0.044,Moderately Infected,"IRS in peri-urban areas, community clean-up drives",900000,"3 spray teams, 1 mobile clinic, 800 RDT kits, 8 temp staff",Short-term (1-4 weeks),Medium,Target urban slums for vector control
Aligarh,870000,85,0.098,Moderately Infected,"Active case detection, larval source management, LLIN distribution",1100000,"4 spray teams, 1 mobile clinic, 1200 RDT kits, 12 temp staff",Short-term (1-4 weeks),Medium,Coordinate with schools and mosques for awareness
Saharanpur,210000,15,0.071,Moderately Infected,"Source reduction, awareness campaigns",600000,"3 spray teams, 0 mobile clinics, 700 RDT kits, 7 temp staff",Short-term (1-4 weeks),Medium,Focus on rural villages
Muzaffarnagar,870000,42,0.048,Moderately Infected,"Surveillance, LLIN distribution, strengthen PHC diagnostics",800000,"3 spray teams, 1 mobile clinic, 900 RDT kits, 9 temp staff",Short-term (1-4 weeks),Medium,Monitor migration-related cases
Firozabad,360000,26,0.072,Moderately Infected,"Larval source control, active case search",550000,"2 spray teams, 0 mobile clinics, 600 RDT kits, 6 temp staff",Short-term (1-4 weeks),Medium,Engage local industries for awareness
Bijnor,320000,18,0.056,Moderately Infected,"Community clean-up, fever surveillance",450000,"2 spray teams, 0 mobile clinics, 500 RDT kits, 5 temp staff",Short-term (1-4 weeks),Medium,Rural outreach
Etawah,420000,28,0.067,Moderately Infected,"IRS in hotspot hamlets, active case finding",600000,"3 spray teams, 1 mobile clinic, 700 RDT kits, 7 temp staff",Short-term (1-4 weeks),Medium,Coordinate with local Panchayats
Shahjahanpur,360000,35,0.097,Moderately Infected,"Fever camps, larval control",700000,"3 spray teams, 1 mobile clinic, 900 RDT kits, 9 temp staff",Short-term (1-4 weeks),Medium,Increase diagnostic capacity
Prayagraj (Allahabad),1240000,40,0.032,Not Infected,"Routine surveillance, public education, entomological monitoring",400000,"2 spray teams, 0 mobile clinics, 500 RDT kits, 5 temp staff",Routine,Low,Maintain surveillance and stock levels
Moradabad,890000,30,0.034,Not Infected,Surveillance and preventive IEC campaigns,350000,"2 spray teams, 0 mobile clinics, 400 RDT kits, 4 temp staff",Routine,Low,"Continue monitoring, seasonal preparedness"
Jhansi,540000,20,0.037,Not Infected,Routine surveillance and entomology studies,300000,"2 spray teams, 0 mobile clinics, 400 RDT kits, 4 temp staff",Routine,Low,Maintain seasonal preparedness
Barabanki,160000,8,0.05,Not Infected,"Routine surveillance, IEC",250000,"1 spray team, 0 mobile clinics, 200 RDT kits, 3 temp staff",Routine,Low,Maintain stocks and seasonal checks
Banda,220000,4,0.018,Not Infected,Routine surveillance,150000,"1 spray team, 0 mobile clinics, 150 RDT kits, 2 temp staff",Routine,Low,Seasonal readiness
Sitapur,460000,12,0.026,Not Infected,Surveillance and IEC,200000,"1 spray team, 0 mobile clinics, 300 RDT kits, 3 temp staff",Routine,Low,Maintain surveillance
